<?xml version="1.0" encoding="UTF-8"?>
<!DOCTYPE mapper PUBLIC "-//mybatis.org//DTD Mapper 3.0//EN" "http://mybatis.org/dtd/mybatis-3-mapper.dtd">

<mapper namespace="global.sesoc.sample.dao.NoticeMapper">
	<insert id="noticeInsert" parameterType="notice">
		insert into notice
		(
		 	 notice_no     
			  ,notice_title  
			  ,notice_context
			  ,notice_name  
  			  <if test="notice_savedfile !=null and notice_originfile != null">
				  ,notice_savedfile     
	  			  ,notice_originfile     			  
  			  </if>
		)values(
			  NOTICE_SEQ.NEXTVAL
			  ,#{notice_title}
			  ,#{notice_context}
			  ,#{notice_name}
  			  <if test="notice_savedfile !=null and notice_originfile != null">
				  ,#{notice_savedfile}   
	  			  ,#{notice_originfile}    
  			  </if>
		)
	</insert>

	<select id="noticeSelectList" resultType="notice">
		select 
			  notice_no     
			  ,notice_title  
			  ,notice_context
			  ,notice_name  
			  ,notice_savedfile     
	  		  ,notice_originfile     			  
  			  ,to_char(notice_indate,'yyyy-MM-dd') as notice_indate
  		from
  		    notice	
  		order by
  			notice_no desc
	</select>







</mapper>
