<?xml version="1.0" encoding="UTF-8"?>
<!DOCTYPE mapper PUBLIC "-//mybatis.org//DTD Mapper 3.0//EN" "http://mybatis.org/dtd/mybatis-3-mapper.dtd">

<mapper namespace="com.springlegacy.ex3.dao.CustomerMapper">

	<insert id="insertCustomer" parameterType="customer">
		insert into
			customer(
				custid
				,password
				,name
				,email
				,division
				,idno
				,address
			)values(
				#{custid}
				,#{password}
				,#{name}
				,#{email}
				,#{division}
				,#{idno}
				,#{address}
			)
	</insert>
	
	<!-- 회원 목록 조회 시작 -->
	<select id="selectCustomerAll" resultType="customer">
		select
			custid
			,name
			,email
			,division
			,address
		from
			customer
		order by
			name
	</select>
	<!-- 회원 목록 조회 종료 -->
	
	<!-- 회원 정보 삭제 시작 -->
	<delete id="deleteCustomer" parameterType="string">
		delete from
			customer
		where
			custid = #{custid}
	</delete>
	<!-- 회원 정보 삭제 종료 -->
	
	<select id="selectCustomerOne" parameterType="String" resultType="customer">
		select
			custid
			,password
			,name
			,email
			,division
			,idno
			,address
		from
			customer
		where
			custid = #{custid}
	</select>
	
	<update id="updateCustomer" parameterType="customer">
		update
			customer
		set
			password = #{password}
			,name = #{name}
			,email = #{email}
			,address = #{address}
		where
			custid = #{custid}
	</update>
	
	
	
	
	
	
	

</mapper>
