<?xml version="1.0" encoding="UTF-8" ?>
<!DOCTYPE configuration
  PUBLIC "-//mybatis.org//DTD Config 3.0//EN"
  "http://mybatis.org/dtd/mybatis-3-config.dtd">

<configuration>
<!-- 1. -->
<!-- 	<properties resource ="db.properties"></properties> 틀림2 -->

<!-- 2. -->
	<typeAliases>
		<typeAlias type="com.sesoc.testTraining200123.vo.MemoVO" alias="memo" />
	</typeAliases>

<!-- 3.  -->
<!-- 틀림3 스프링에서는 마이바티스의 1번,3번은 설정을 해줄 필요가 없다!  -->
<!-- 4. -->
	<mappers>
	<!-- 틀림 4 경로설정 않음-->
		<mapper resource="mapper/memoMapper.xml" />
	</mappers>

</configuration>
