{"name":"ex3","classpathEntries":[{"kind":"binary","path":"C:\\Program Files\\Java\\jdk1.8.0_181\\jre\\lib\\resources.jar","javadocContainerUrl":"https://docs.oracle.com/javase/1/docs/api/","isSystem":true,"isOwn":false,"isTest":false,"isJavaContent":false},{"kind":"binary","path":"C:\\Program Files\\Java\\jdk1.8.0_181\\jre\\lib\\rt.jar","javadocContainerUrl":"https://docs.oracle.com/javase/1/docs/api/","isSystem":true,"isOwn":false,"isTest":false,"isJavaContent":false},{"kind":"binary","path":"C:\\Program Files\\Java\\jdk1.8.0_181\\jre\\lib\\jsse.jar","javadocContainerUrl":"https://docs.oracle.com/javase/1/docs/api/","isSystem":true,"isOwn":false,"isTest":false,"isJavaContent":false},{"kind":"binary","path":"C:\\Program Files\\Java\\jdk1.8.0_181\\jre\\lib\\jce.jar","javadocContainerUrl":"https://docs.oracle.com/javase/1/docs/api/","isSystem":true,"isOwn":false,"isTest":false,"isJavaContent":false},{"kind":"binary","path":"C:\\Program Files\\Java\\jdk1.8.0_181\\jre\\lib\\charsets.jar","javadocContainerUrl":"https://docs.oracle.com/javase/1/docs/api/","isSystem":true,"isOwn":false,"isTest":false,"isJavaContent":false},{"kind":"binary","path":"C:\\Program Files\\Java\\jdk1.8.0_181\\jre\\lib\\jfr.jar","javadocContainerUrl":"https://docs.oracle.com/javase/1/docs/api/","isSystem":true,"isOwn":false,"isTest":false,"isJavaContent":false},{"kind":"binary","path":"C:\\Users\\user\\.m2\\repository\\org\\springframework\\spring-context\\4.3.6.RELEASE\\spring-context-4.3.6.RELEASE.jar","sourceContainerUrl":"file:/C:/Users/user/.m2/repository/org/springframework/spring-context/4.3.6.RELEASE/spring-context-4.3.6.RELEASE-sources.jar","javadocContainerUrl":"file:/C:/Users/user/.m2/repository/org/springframework/spring-context/4.3.6.RELEASE/spring-context-4.3.6.RELEASE-javadoc.jar","isSystem":false,"isOwn":false,"isTest":false,"isJavaContent":false},{"kind":"binary","path":"C:\\Users\\user\\.m2\\repository\\org\\springframework\\spring-aop\\4.3.6.RELEASE\\spring-aop-4.3.6.RELEASE.jar","sourceContainerUrl":"file:/C:/Users/user/.m2/repository/org/springframework/spring-aop/4.3.6.RELEASE/spring-aop-4.3.6.RELEASE-sources.jar","javadocContainerUrl":"file:/C:/Users/user/.m2/repository/org/springframework/spring-aop/4.3.6.RELEASE/spring-aop-4.3.6.RELEASE-javadoc.jar","isSystem":false,"isOwn":false,"isTest":false,"isJavaContent":false},{"kind":"binary","path":"C:\\Users\\user\\.m2\\repository\\org\\springframework\\spring-beans\\4.3.6.RELEASE\\spring-beans-4.3.6.RELEASE.jar","sourceContainerUrl":"file:/C:/Users/user/.m2/repository/org/springframework/spring-beans/4.3.6.RELEASE/spring-beans-4.3.6.RELEASE-sources.jar","javadocContainerUrl":"file:/C:/Users/user/.m2/repository/org/springframework/spring-beans/4.3.6.RELEASE/spring-beans-4.3.6.RELEASE-javadoc.jar","isSystem":false,"isOwn":false,"isTest":false,"isJavaContent":false},{"kind":"binary","path":"C:\\Users\\user\\.m2\\repository\\org\\springframework\\spring-core\\4.3.6.RELEASE\\spring-core-4.3.6.RELEASE.jar","sourceContainerUrl":"file:/C:/Users/user/.m2/repository/org/springframework/spring-core/4.3.6.RELEASE/spring-core-4.3.6.RELEASE-sources.jar","javadocContainerUrl":"file:/C:/Users/user/.m2/repository/org/springframework/spring-core/4.3.6.RELEASE/spring-core-4.3.6.RELEASE-javadoc.jar","isSystem":false,"isOwn":false,"isTest":false,"isJavaContent":false},{"kind":"binary","path":"C:\\Users\\user\\.m2\\repository\\org\\springframework\\spring-expression\\4.3.6.RELEASE\\spring-expression-4.3.6.RELEASE.jar","sourceContainerUrl":"file:/C:/Users/user/.m2/repository/org/springframework/spring-expression/4.3.6.RELEASE/spring-expression-4.3.6.RELEASE-sources.jar","javadocContainerUrl":"file:/C:/Users/user/.m2/repository/org/springframework/spring-expression/4.3.6.RELEASE/spring-expression-4.3.6.RELEASE-javadoc.jar","isSystem":false,"isOwn":false,"isTest":false,"isJavaContent":false},{"kind":"binary","path":"C:\\Users\\user\\.m2\\repository\\org\\springframework\\spring-webmvc\\4.3.6.RELEASE\\spring-webmvc-4.3.6.RELEASE.jar","sourceContainerUrl":"file:/C:/Users/user/.m2/repository/org/springframework/spring-webmvc/4.3.6.RELEASE/spring-webmvc-4.3.6.RELEASE-sources.jar","javadocContainerUrl":"file:/C:/Users/user/.m2/repository/org/springframework/spring-webmvc/4.3.6.RELEASE/spring-webmvc-4.3.6.RELEASE-javadoc.jar","isSystem":false,"isOwn":false,"isTest":false,"isJavaContent":false},{"kind":"binary","path":"C:\\Users\\user\\.m2\\repository\\org\\springframework\\spring-web\\4.3.6.RELEASE\\spring-web-4.3.6.RELEASE.jar","sourceContainerUrl":"file:/C:/Users/user/.m2/repository/org/springframework/spring-web/4.3.6.RELEASE/spring-web-4.3.6.RELEASE-sources.jar","javadocContainerUrl":"file:/C:/Users/user/.m2/repository/org/springframework/spring-web/4.3.6.RELEASE/spring-web-4.3.6.RELEASE-javadoc.jar","isSystem":false,"isOwn":false,"isTest":false,"isJavaContent":false},{"kind":"binary","path":"C:\\Users\\user\\.m2\\repository\\org\\aspectj\\aspectjrt\\1.8.10\\aspectjrt-1.8.10.jar","sourceContainerUrl":"file:/C:/Users/user/.m2/repository/org/aspectj/aspectjrt/1.8.10/aspectjrt-1.8.10-sources.jar","javadocContainerUrl":"file:/C:/Users/user/.m2/repository/org/aspectj/aspectjrt/1.8.10/aspectjrt-1.8.10-javadoc.jar","isSystem":false,"isOwn":false,"isTest":false,"isJavaContent":false},{"kind":"binary","path":"C:\\Users\\user\\.m2\\repository\\org\\slf4j\\slf4j-api\\1.7.22\\slf4j-api-1.7.22.jar","sourceContainerUrl":"file:/C:/Users/user/.m2/repository/org/slf4j/slf4j-api/1.7.22/slf4j-api-1.7.22-sources.jar","javadocContainerUrl":"file:/C:/Users/user/.m2/repository/org/slf4j/slf4j-api/1.7.22/slf4j-api-1.7.22-javadoc.jar","isSystem":false,"isOwn":false,"isTest":false,"isJavaContent":false},{"kind":"binary","path":"C:\\Users\\user\\.m2\\repository\\org\\slf4j\\jcl-over-slf4j\\1.7.22\\jcl-over-slf4j-1.7.22.jar","sourceContainerUrl":"file:/C:/Users/user/.m2/repository/org/slf4j/jcl-over-slf4j/1.7.22/jcl-over-slf4j-1.7.22-sources.jar","javadocContainerUrl":"file:/C:/Users/user/.m2/repository/org/slf4j/jcl-over-slf4j/1.7.22/jcl-over-slf4j-1.7.22-javadoc.jar","isSystem":false,"isOwn":false,"isTest":false,"isJavaContent":false},{"kind":"binary","path":"C:\\Users\\user\\.m2\\repository\\org\\slf4j\\slf4j-log4j12\\1.7.22\\slf4j-log4j12-1.7.22.jar","sourceContainerUrl":"file:/C:/Users/user/.m2/repository/org/slf4j/slf4j-log4j12/1.7.22/slf4j-log4j12-1.7.22-sources.jar","javadocContainerUrl":"file:/C:/Users/user/.m2/repository/org/slf4j/slf4j-log4j12/1.7.22/slf4j-log4j12-1.7.22-javadoc.jar","isSystem":false,"isOwn":false,"isTest":false,"isJavaContent":false},{"kind":"binary","path":"C:\\Users\\user\\.m2\\repository\\log4j\\log4j\\1.2.15\\log4j-1.2.15.jar","sourceContainerUrl":"file:/C:/Users/user/.m2/repository/log4j/log4j/1.2.15/log4j-1.2.15-sources.jar","isSystem":false,"isOwn":false,"isTest":false,"isJavaContent":false},{"kind":"binary","path":"C:\\Users\\user\\.m2\\repository\\javax\\inject\\javax.inject\\1\\javax.inject-1.jar","sourceContainerUrl":"file:/C:/Users/user/.m2/repository/javax/inject/javax.inject/1/javax.inject-1-sources.jar","javadocContainerUrl":"file:/C:/Users/user/.m2/repository/javax/inject/javax.inject/1/javax.inject-1-javadoc.jar","isSystem":false,"isOwn":false,"isTest":false,"isJavaContent":false},{"kind":"binary","path":"C:\\Users\\user\\.m2\\repository\\javax\\servlet\\javax.servlet-api\\3.1.0\\javax.servlet-api-3.1.0.jar","sourceContainerUrl":"file:/C:/Users/user/.m2/repository/javax/servlet/javax.servlet-api/3.1.0/javax.servlet-api-3.1.0-sources.jar","javadocContainerUrl":"file:/C:/Users/user/.m2/repository/javax/servlet/javax.servlet-api/3.1.0/javax.servlet-api-3.1.0-javadoc.jar","isSystem":false,"isOwn":false,"isTest":false,"isJavaContent":false},{"kind":"binary","path":"C:\\Users\\user\\.m2\\repository\\javax\\servlet\\jsp\\javax.servlet.jsp-api\\2.3.1\\javax.servlet.jsp-api-2.3.1.jar","sourceContainerUrl":"file:/C:/Users/user/.m2/repository/javax/servlet/jsp/javax.servlet.jsp-api/2.3.1/javax.servlet.jsp-api-2.3.1-sources.jar","javadocContainerUrl":"file:/C:/Users/user/.m2/repository/javax/servlet/jsp/javax.servlet.jsp-api/2.3.1/javax.servlet.jsp-api-2.3.1-javadoc.jar","isSystem":false,"isOwn":false,"isTest":false,"isJavaContent":false},{"kind":"binary","path":"C:\\Users\\user\\.m2\\repository\\javax\\servlet\\jstl\\1.2\\jstl-1.2.jar","sourceContainerUrl":"file:/C:/Users/user/.m2/repository/javax/servlet/jstl/1.2/jstl-1.2-sources.jar","isSystem":false,"isOwn":false,"isTest":false,"isJavaContent":false},{"kind":"binary","path":"C:\\Users\\user\\.m2\\repository\\org\\projectlombok\\lombok\\1.18.10\\lombok-1.18.10.jar","sourceContainerUrl":"file:/C:/Users/user/.m2/repository/org/projectlombok/lombok/1.18.10/lombok-1.18.10-sources.jar","javadocContainerUrl":"file:/C:/Users/user/.m2/repository/org/projectlombok/lombok/1.18.10/lombok-1.18.10-javadoc.jar","isSystem":false,"isOwn":false,"isTest":false,"isJavaContent":false},{"kind":"binary","path":"C:\\Users\\user\\.m2\\repository\\org\\mybatis\\mybatis\\3.4.6\\mybatis-3.4.6.jar","sourceContainerUrl":"file:/C:/Users/user/.m2/repository/org/mybatis/mybatis/3.4.6/mybatis-3.4.6-sources.jar","javadocContainerUrl":"file:/C:/Users/user/.m2/repository/org/mybatis/mybatis/3.4.6/mybatis-3.4.6-javadoc.jar","isSystem":false,"isOwn":false,"isTest":false,"isJavaContent":false},{"kind":"binary","path":"C:\\Users\\user\\.m2\\repository\\org\\mybatis\\mybatis-spring\\1.3.0\\mybatis-spring-1.3.0.jar","sourceContainerUrl":"file:/C:/Users/user/.m2/repository/org/mybatis/mybatis-spring/1.3.0/mybatis-spring-1.3.0-sources.jar","javadocContainerUrl":"file:/C:/Users/user/.m2/repository/org/mybatis/mybatis-spring/1.3.0/mybatis-spring-1.3.0-javadoc.jar","isSystem":false,"isOwn":false,"isTest":false,"isJavaContent":false},{"kind":"binary","path":"C:\\Users\\user\\.m2\\repository\\org\\springframework\\spring-jdbc\\4.3.6.RELEASE\\spring-jdbc-4.3.6.RELEASE.jar","sourceContainerUrl":"file:/C:/Users/user/.m2/repository/org/springframework/spring-jdbc/4.3.6.RELEASE/spring-jdbc-4.3.6.RELEASE-sources.jar","javadocContainerUrl":"file:/C:/Users/user/.m2/repository/org/springframework/spring-jdbc/4.3.6.RELEASE/spring-jdbc-4.3.6.RELEASE-javadoc.jar","isSystem":false,"isOwn":false,"isTest":false,"isJavaContent":false},{"kind":"binary","path":"C:\\Users\\user\\.m2\\repository\\org\\springframework\\spring-tx\\4.3.6.RELEASE\\spring-tx-4.3.6.RELEASE.jar","sourceContainerUrl":"file:/C:/Users/user/.m2/repository/org/springframework/spring-tx/4.3.6.RELEASE/spring-tx-4.3.6.RELEASE-sources.jar","javadocContainerUrl":"file:/C:/Users/user/.m2/repository/org/springframework/spring-tx/4.3.6.RELEASE/spring-tx-4.3.6.RELEASE-javadoc.jar","isSystem":false,"isOwn":false,"isTest":false,"isJavaContent":false},{"kind":"binary","path":"C:\\Users\\user\\.m2\\repository\\junit\\junit\\4.7\\junit-4.7.jar","sourceContainerUrl":"file:/C:/Users/user/.m2/repository/junit/junit/4.7/junit-4.7-sources.jar","isSystem":false,"isOwn":false,"isTest":false,"isJavaContent":false},{"kind":"source","path":"C:\\Users\\user\\Documents\\workspace-spring-tool-suite-4-4.5.0.RELEASE\\SpringLegacyEx2_200117_RE.zip_expanded\\SpringLegacyEx3\\src\\main\\java","outputFolder":"C:\\Users\\user\\Documents\\workspace-spring-tool-suite-4-4.5.0.RELEASE\\SpringLegacyEx2_200117_RE.zip_expanded\\SpringLegacyEx3\\target\\classes","javadocContainerUrl":"file:/C:/Users/user/Documents/workspace-spring-tool-suite-4-4.5.0.RELEASE/SpringLegacyEx2_200117_RE.zip_expanded/SpringLegacyEx3/target/site/apidocs","isSystem":false,"isOwn":true,"isTest":false,"isJavaContent":true},{"kind":"source","path":"C:\\Users\\user\\Documents\\workspace-spring-tool-suite-4-4.5.0.RELEASE\\SpringLegacyEx2_200117_RE.zip_expanded\\SpringLegacyEx3\\src\\test\\java","outputFolder":"C:\\Users\\user\\Documents\\workspace-spring-tool-suite-4-4.5.0.RELEASE\\SpringLegacyEx2_200117_RE.zip_expanded\\SpringLegacyEx3\\target\\test-classes","javadocContainerUrl":"file:/C:/Users/user/Documents/workspace-spring-tool-suite-4-4.5.0.RELEASE/SpringLegacyEx2_200117_RE.zip_expanded/SpringLegacyEx3/target/site/apidocs","isSystem":false,"isOwn":true,"isTest":true,"isJavaContent":true},{"kind":"source","path":"C:\\Users\\user\\Documents\\workspace-spring-tool-suite-4-4.5.0.RELEASE\\SpringLegacyEx2_200117_RE.zip_expanded\\SpringLegacyEx3\\src\\main\\resources","outputFolder":"C:\\Users\\user\\Documents\\workspace-spring-tool-suite-4-4.5.0.RELEASE\\SpringLegacyEx2_200117_RE.zip_expanded\\SpringLegacyEx3\\target\\classes","isSystem":false,"isOwn":true,"isTest":false,"isJavaContent":false},{"kind":"source","path":"C:\\Users\\user\\Documents\\workspace-spring-tool-suite-4-4.5.0.RELEASE\\SpringLegacyEx2_200117_RE.zip_expanded\\SpringLegacyEx3\\src\\test\\resources","outputFolder":"C:\\Users\\user\\Documents\\workspace-spring-tool-suite-4-4.5.0.RELEASE\\SpringLegacyEx2_200117_RE.zip_expanded\\SpringLegacyEx3\\target\\test-classes","isSystem":false,"isOwn":true,"isTest":true,"isJavaContent":false},{"kind":"source","path":"C:\\Users\\user\\Documents\\workspace-spring-tool-suite-4-4.5.0.RELEASE\\SpringLegacyEx2_200117_RE.zip_expanded\\SpringLegacyEx3\\src\\test\\java","outputFolder":"C:\\Users\\user\\Documents\\workspace-spring-tool-suite-4-4.5.0.RELEASE\\SpringLegacyEx2_200117_RE.zip_expanded\\SpringLegacyEx3\\target\\test-classes","javadocContainerUrl":"file:/C:/Users/user/Documents/workspace-spring-tool-suite-4-4.5.0.RELEASE/SpringLegacyEx2_200117_RE.zip_expanded/SpringLegacyEx3/target/site/apidocs","isSystem":false,"isOwn":true,"isTest":false,"isJavaContent":false}]}